Workbook

Sheet Row_Data
E2: STUDENT DATA TABLE
E5: Sr No. | F5: Student Id | G5: Student Name | H5: Email | I5: Course | J5: Fee
E6: 1 | F6: ST01 | G6: Hamza Ali | H6: hamza.ali@sbt.com | I6: HTML | J6: 3500
E7: 2 | F7: ST02 | G7: Sara Ahmed | H7: sara.ahmad@sbt.com | I7: CSS | J7: 4000
E8: 3 | F8: ST03 | G8: Usman Raza | H8: usman.raza@sbt.com | I8: Microsoft Office | J8: 2500
E9: 4 | F9: ST04 | G9: Fatima Noor | H9: fatima.noor@sbt.com | I9: Git & Github | J9: 2000
E10: 5 | F10: ST05 | G10: Hassan Iqbal | H10: hassan.iqbal@sbt.com | I10: Linkedln | J10: 1000
E11: 6 | F11: ST06 | G11: Zainab Sheikh | H11: zainab.sheikh@sbt.com | I11: Digital Marketing | J11: 3000
E12: 7 | F12: ST07 | G12: Bilal Hussain | H12: bilal.hussain@sbt.com | I12: HTML | J12: 3500
E13: 8 | F13: ST08 | G13: Hira Farooq | H13: hira.farooq@sbt.com | I13: CSS | J13: 4000
E14: 9 | F14: ST09 | G14: Ahmed Rauf | H14: ahmed.rauf@sbt.com | I14: Microsoft Office | J14: 2500
E15: 10 | F15: ST10 | G15: Noor Fatima | H15: noor.fatima@sbt.com | I15: Git & Github | J15: 2000
E16: 11 | F16: ST11 | G16: Salman Khan | H16: salman.khan@sbt.com | I16: Linkedln | J16: 1000
E17: 12 | F17: ST12 | G17: Danish Ahmad | H17: danish.ahmad@sbt.com | I17: Digital Marketing | J17: 3000
... E45: 40 | F45: ST40 | G45: Danish Saleem | H45: danish.saleem@sbt.com | I45: CSS | J45: 4000

Sheet Calculations
A1: SkillBRIDGE TECH - DATA ANALYSIS
A4: Course name | B4: Total Students | C4: Total Revenue | D4: Average Fee
A5: Html | B5: =COUNTIF(Row_Data!I:I,"Html") -> 8 | C5: =SUMIF(Row_Data!I:I,"Html",Row_Data!J:J) -> 27500 | D5: =C5/B5 -> 3437.5
A6: CSS | B6: =COUNTIF(Row_Data!I:I,"CSS") -> 8 | C6: =SUMIF(Row_Data!I:I,"CSS",Row_Data!J:J) -> 28500 | D6: =C6/B6 -> 3562.5
A7: Microsoft Office | B7: =COUNTIF(Row_Data!I:I,"Microsoft Office") -> 7 | C7: =SUMIF(Row_Data!I:I,"Microsoft Office",Row_Data!J:J) -> 16000 | D7: =C7/B7 -> 2285.7143
A8: Git & Github | B8: =COUNTIF(Row_Data!I:I,"Git & Github") -> 7 | C8: =SUMIF(Row_Data!I:I,"Linkedln", Row_Data!J:J) -> 4000 | D8: =C8/B8 -> 571.42857
A9: Linkedln | B9: =COUNTIF(Row_Data!I:I,"Linkedln") -> 4 | C9: =SUMIF(Row_Data!I:I,"Linkedln",Row_Data!J:J) -> 4000 | D9: =C9/B9 -> 1000
A10: Digital Marketing | B10: =COUNTIF(Row_Data!I:I,"Digital Marketing") -> 6 | C10: =SUMIF(Row_Data!I:I,"Digital Marketing",Row_Data!J:J) -> 19000 | D10: =C10/B10 -> 3166.6667
A12: TOTAL | B12: =SUM(B5:B10) -> 40 | C12: =SUM(C5:C10) -> 99000 | D12: =AVERAGE(D5:D10) -> 2337.3016
L23: =G23:L35 -> 0

Sheet Dashboard
H2: CHARTS
